"month","day","hour_no","average_no_rides"
1,"Monday",0,2
1,"Monday",1,2
1,"Monday",2,1
1,"Monday",3,1
1,"Monday",4,1
1,"Monday",5,5
1,"Monday",6,9
1,"Monday",7,22
1,"Monday",8,46
1,"Monday",9,15
1,"Monday",10,10
1,"Monday",11,7
1,"Monday",12,7
1,"Monday",13,10
1,"Monday",14,12
1,"Monday",15,10
1,"Monday",16,11
1,"Monday",17,21
1,"Monday",18,26
1,"Monday",19,18
1,"Monday",20,13
1,"Monday",21,9
1,"Monday",22,5
1,"Monday",23,3
1,"Tuesday",0,2
1,"Tuesday",1,1
1,"Tuesday",4,1
1,"Tuesday",5,4
1,"Tuesday",6,10
1,"Tuesday",7,27
1,"Tuesday",8,56
1,"Tuesday",9,19
1,"Tuesday",10,10
1,"Tuesday",11,5
1,"Tuesday",12,7
1,"Tuesday",13,8
1,"Tuesday",14,10
1,"Tuesday",15,9
1,"Tuesday",16,12
1,"Tuesday",17,24
1,"Tuesday",18,36
1,"Tuesday",19,30
1,"Tuesday",20,17
1,"Tuesday",21,8
1,"Tuesday",22,8
1,"Tuesday",23,3
1,"Wednesday",0,2
1,"Wednesday",1,1
1,"Wednesday",2,2
1,"Wednesday",4,1
1,"Wednesday",5,2
1,"Wednesday",6,10
1,"Wednesday",7,26
1,"Wednesday",8,51
1,"Wednesday",9,20
1,"Wednesday",10,13
1,"Wednesday",11,6
1,"Wednesday",12,7
1,"Wednesday",13,9
1,"Wednesday",14,6
1,"Wednesday",15,9
1,"Wednesday",16,10
1,"Wednesday",17,23
1,"Wednesday",18,37
1,"Wednesday",19,25
1,"Wednesday",20,19
1,"Wednesday",21,11
1,"Wednesday",22,6
1,"Wednesday",23,4
1,"Thursday",0,2
1,"Thursday",1,2
1,"Thursday",2,1
1,"Thursday",4,1
1,"Thursday",5,3
1,"Thursday",6,10
1,"Thursday",7,26
1,"Thursday",8,59
1,"Thursday",9,22
1,"Thursday",10,11
1,"Thursday",11,7
1,"Thursday",12,10
1,"Thursday",13,12
1,"Thursday",14,11
1,"Thursday",15,10
1,"Thursday",16,13
1,"Thursday",17,28
1,"Thursday",18,39
1,"Thursday",19,30
1,"Thursday",20,17
1,"Thursday",21,13
1,"Thursday",22,8
1,"Thursday",23,4
1,"Friday",0,4
1,"Friday",1,3
1,"Friday",2,9
1,"Friday",3,8
1,"Friday",4,3
1,"Friday",5,2
1,"Friday",6,9
1,"Friday",7,24
1,"Friday",8,45
1,"Friday",9,23
1,"Friday",10,11
1,"Friday",11,11
1,"Friday",12,10
1,"Friday",13,13
1,"Friday",14,14
1,"Friday",15,12
1,"Friday",16,15
1,"Friday",17,28
1,"Friday",18,27
1,"Friday",19,18
1,"Friday",20,14
1,"Friday",21,7
1,"Friday",22,5
1,"Friday",23,7
1,"Saturday",0,4
1,"Saturday",1,3
1,"Saturday",2,2
1,"Saturday",3,2
1,"Saturday",4,1
1,"Saturday",5,2
1,"Saturday",6,3
1,"Saturday",7,5
1,"Saturday",8,9
1,"Saturday",9,11
1,"Saturday",10,15
1,"Saturday",11,17
1,"Saturday",12,18
1,"Saturday",13,22
1,"Saturday",14,18
1,"Saturday",15,22
1,"Saturday",16,15
1,"Saturday",17,14
1,"Saturday",18,16
1,"Saturday",19,12
1,"Saturday",20,10
1,"Saturday",21,8
1,"Saturday",22,8
1,"Saturday",23,5
1,"Sunday",0,5
1,"Sunday",1,3
1,"Sunday",2,1
1,"Sunday",3,2
1,"Sunday",4,2
1,"Sunday",5,1
1,"Sunday",7,3
1,"Sunday",8,6
1,"Sunday",9,7
1,"Sunday",10,9
1,"Sunday",11,16
1,"Sunday",12,20
1,"Sunday",13,18
1,"Sunday",14,26
1,"Sunday",15,16
1,"Sunday",16,16
1,"Sunday",17,15
1,"Sunday",18,13
1,"Sunday",19,12
1,"Sunday",20,8
1,"Sunday",21,6
1,"Sunday",22,7
1,"Sunday",23,4
2,"Monday",0,2
2,"Monday",1,2
2,"Monday",2,1
2,"Monday",3,1
2,"Monday",4,1
2,"Monday",5,3
2,"Monday",6,10
2,"Monday",7,31
2,"Monday",8,50
2,"Monday",9,19
2,"Monday",10,13
2,"Monday",11,10
2,"Monday",12,11
2,"Monday",13,12
2,"Monday",14,11
2,"Monday",15,12
2,"Monday",16,13
2,"Monday",17,25
2,"Monday",18,36
2,"Monday",19,25
2,"Monday",20,16
2,"Monday",21,10
2,"Monday",22,7
2,"Monday",23,2
2,"Tuesday",0,3
2,"Tuesday",1,1
2,"Tuesday",3,1
2,"Tuesday",4,2
2,"Tuesday",5,2
2,"Tuesday",6,11
2,"Tuesday",7,30
2,"Tuesday",8,58
2,"Tuesday",9,25
2,"Tuesday",10,10
2,"Tuesday",11,9
2,"Tuesday",12,9
2,"Tuesday",13,7
2,"Tuesday",14,8
2,"Tuesday",15,7
2,"Tuesday",16,14
2,"Tuesday",17,25
2,"Tuesday",18,32
2,"Tuesday",19,26
2,"Tuesday",20,15
2,"Tuesday",21,10
2,"Tuesday",22,6
2,"Tuesday",23,3
2,"Wednesday",0,2
2,"Wednesday",1,1
2,"Wednesday",3,1
2,"Wednesday",5,3
2,"Wednesday",6,12
2,"Wednesday",7,29
2,"Wednesday",8,48
2,"Wednesday",9,18
2,"Wednesday",10,12
2,"Wednesday",11,5
2,"Wednesday",12,7
2,"Wednesday",13,6
2,"Wednesday",14,7
2,"Wednesday",15,4
2,"Wednesday",16,10
2,"Wednesday",17,24
2,"Wednesday",18,35
2,"Wednesday",19,17
2,"Wednesday",20,16
2,"Wednesday",21,12
2,"Wednesday",22,6
2,"Wednesday",23,3
2,"Thursday",0,1
2,"Thursday",1,2
2,"Thursday",2,2
2,"Thursday",3,1
2,"Thursday",4,1
2,"Thursday",5,4
2,"Thursday",6,10
2,"Thursday",7,34
2,"Thursday",8,64
2,"Thursday",9,23
2,"Thursday",10,13
2,"Thursday",11,9
2,"Thursday",12,10
2,"Thursday",13,10
2,"Thursday",14,8
2,"Thursday",15,9
2,"Thursday",16,13
2,"Thursday",17,27
2,"Thursday",18,38
2,"Thursday",19,22
2,"Thursday",20,19
2,"Thursday",21,10
2,"Thursday",22,9
2,"Thursday",23,5
2,"Friday",0,3
2,"Friday",1,2
2,"Friday",3,1
2,"Friday",4,2
2,"Friday",5,2
2,"Friday",6,7
2,"Friday",7,20
2,"Friday",8,43
2,"Friday",9,19
2,"Friday",10,9
2,"Friday",11,7
2,"Friday",12,9
2,"Friday",13,10
2,"Friday",14,10
2,"Friday",15,10
2,"Friday",16,17
2,"Friday",17,26
2,"Friday",18,27
2,"Friday",19,24
2,"Friday",20,14
2,"Friday",21,8
2,"Friday",22,9
2,"Friday",23,5
2,"Saturday",0,4
2,"Saturday",1,3
2,"Saturday",2,4
2,"Saturday",3,1
2,"Saturday",5,4
2,"Saturday",6,5
2,"Saturday",7,3
2,"Saturday",8,10
2,"Saturday",9,13
2,"Saturday",10,12
2,"Saturday",11,21
2,"Saturday",12,18
2,"Saturday",13,17
2,"Saturday",14,14
2,"Saturday",15,20
2,"Saturday",16,19
2,"Saturday",17,17
2,"Saturday",18,8
2,"Saturday",19,13
2,"Saturday",20,7
2,"Saturday",21,6
2,"Saturday",22,6
2,"Saturday",23,5
2,"Sunday",0,6
2,"Sunday",1,3
2,"Sunday",2,3
2,"Sunday",3,2
2,"Sunday",4,2
2,"Sunday",5,2
2,"Sunday",6,3
2,"Sunday",7,6
2,"Sunday",8,7
2,"Sunday",9,11
2,"Sunday",10,15
2,"Sunday",11,24
2,"Sunday",12,21
2,"Sunday",13,25
2,"Sunday",14,26
2,"Sunday",15,22
2,"Sunday",16,19
2,"Sunday",17,21
2,"Sunday",18,14
2,"Sunday",19,10
2,"Sunday",20,6
2,"Sunday",21,7
2,"Sunday",22,6
2,"Sunday",23,3
3,"Monday",0,2
3,"Monday",1,2
3,"Monday",2,3
3,"Monday",3,1
3,"Monday",4,1
3,"Monday",5,4
3,"Monday",6,8
3,"Monday",7,22
3,"Monday",8,37
3,"Monday",9,17
3,"Monday",10,10
3,"Monday",11,6
3,"Monday",12,9
3,"Monday",13,9
3,"Monday",14,10
3,"Monday",15,14
3,"Monday",16,18
3,"Monday",17,39
3,"Monday",18,51
3,"Monday",19,34
3,"Monday",20,22
3,"Monday",21,14
3,"Monday",22,9
3,"Monday",23,5
3,"Tuesday",0,3
3,"Tuesday",1,2
3,"Tuesday",2,1
3,"Tuesday",3,1
3,"Tuesday",4,1
3,"Tuesday",5,7
3,"Tuesday",6,15
3,"Tuesday",7,38
3,"Tuesday",8,75
3,"Tuesday",9,30
3,"Tuesday",10,18
3,"Tuesday",11,10
3,"Tuesday",12,12
3,"Tuesday",13,12
3,"Tuesday",14,14
3,"Tuesday",15,14
3,"Tuesday",16,22
3,"Tuesday",17,42
3,"Tuesday",18,60
3,"Tuesday",19,43
3,"Tuesday",20,25
3,"Tuesday",21,21
3,"Tuesday",22,11
3,"Tuesday",23,6
3,"Wednesday",0,4
3,"Wednesday",1,1
3,"Wednesday",2,3
3,"Wednesday",3,1
3,"Wednesday",4,1
3,"Wednesday",5,6
3,"Wednesday",6,16
3,"Wednesday",7,42
3,"Wednesday",8,73
3,"Wednesday",9,36
3,"Wednesday",10,17
3,"Wednesday",11,13
3,"Wednesday",12,16
3,"Wednesday",13,15
3,"Wednesday",14,17
3,"Wednesday",15,20
3,"Wednesday",16,24
3,"Wednesday",17,46
3,"Wednesday",18,61
3,"Wednesday",19,38
3,"Wednesday",20,32
3,"Wednesday",21,18
3,"Wednesday",22,16
3,"Wednesday",23,8
3,"Thursday",0,3
3,"Thursday",1,2
3,"Thursday",2,1
3,"Thursday",3,1
3,"Thursday",4,1
3,"Thursday",5,7
3,"Thursday",6,16
3,"Thursday",7,45
3,"Thursday",8,73
3,"Thursday",9,35
3,"Thursday",10,22
3,"Thursday",11,15
3,"Thursday",12,18
3,"Thursday",13,15
3,"Thursday",14,17
3,"Thursday",15,20
3,"Thursday",16,25
3,"Thursday",17,43
3,"Thursday",18,61
3,"Thursday",19,40
3,"Thursday",20,33
3,"Thursday",21,22
3,"Thursday",22,13
3,"Thursday",23,9
3,"Friday",0,3
3,"Friday",1,3
3,"Friday",2,2
3,"Friday",3,2
3,"Friday",4,1
3,"Friday",5,5
3,"Friday",6,10
3,"Friday",7,26
3,"Friday",8,62
3,"Friday",9,30
3,"Friday",10,19
3,"Friday",11,9
3,"Friday",12,11
3,"Friday",13,16
3,"Friday",14,17
3,"Friday",15,21
3,"Friday",16,32
3,"Friday",17,40
3,"Friday",18,49
3,"Friday",19,33
3,"Friday",20,23
3,"Friday",21,18
3,"Friday",22,11
3,"Friday",23,6
3,"Saturday",0,6
3,"Saturday",1,5
3,"Saturday",2,3
3,"Saturday",3,2
3,"Saturday",4,1
3,"Saturday",5,3
3,"Saturday",6,4
3,"Saturday",7,5
3,"Saturday",8,15
3,"Saturday",9,19
3,"Saturday",10,28
3,"Saturday",11,31
3,"Saturday",12,30
3,"Saturday",13,31
3,"Saturday",14,32
3,"Saturday",15,28
3,"Saturday",16,25
3,"Saturday",17,22
3,"Saturday",18,18
3,"Saturday",19,18
3,"Saturday",20,13
3,"Saturday",21,6
3,"Saturday",22,8
3,"Saturday",23,11
3,"Sunday",0,7
3,"Sunday",1,4
3,"Sunday",2,1
3,"Sunday",3,2
3,"Sunday",4,2
3,"Sunday",5,2
3,"Sunday",6,1
3,"Sunday",7,3
3,"Sunday",8,8
3,"Sunday",9,10
3,"Sunday",10,21
3,"Sunday",11,19
3,"Sunday",12,20
3,"Sunday",13,32
3,"Sunday",14,29
3,"Sunday",15,31
3,"Sunday",16,28
3,"Sunday",17,29
3,"Sunday",18,22
3,"Sunday",19,15
3,"Sunday",20,10
3,"Sunday",21,7
3,"Sunday",22,9
3,"Sunday",23,3
4,"Monday",0,3
4,"Monday",1,2
4,"Monday",2,3
4,"Monday",3,2
4,"Monday",4,2
4,"Monday",5,7
4,"Monday",6,19
4,"Monday",7,48
4,"Monday",8,76
4,"Monday",9,36
4,"Monday",10,20
4,"Monday",11,11
4,"Monday",12,14
4,"Monday",13,14
4,"Monday",14,16
4,"Monday",15,21
4,"Monday",16,24
4,"Monday",17,61
4,"Monday",18,63
4,"Monday",19,52
4,"Monday",20,28
4,"Monday",21,21
4,"Monday",22,11
4,"Monday",23,6
4,"Tuesday",0,3
4,"Tuesday",1,1
4,"Tuesday",2,1
4,"Tuesday",3,1
4,"Tuesday",4,2
4,"Tuesday",5,6
4,"Tuesday",6,22
4,"Tuesday",7,44
4,"Tuesday",8,78
4,"Tuesday",9,29
4,"Tuesday",10,16
4,"Tuesday",11,12
4,"Tuesday",12,15
4,"Tuesday",13,18
4,"Tuesday",14,13
4,"Tuesday",15,15
4,"Tuesday",16,27
4,"Tuesday",17,53
4,"Tuesday",18,74
4,"Tuesday",19,49
4,"Tuesday",20,31
4,"Tuesday",21,26
4,"Tuesday",22,12
4,"Tuesday",23,9
4,"Wednesday",0,5
4,"Wednesday",1,2
4,"Wednesday",2,3
4,"Wednesday",3,1
4,"Wednesday",4,2
4,"Wednesday",5,5
4,"Wednesday",6,22
4,"Wednesday",7,52
4,"Wednesday",8,97
4,"Wednesday",9,39
4,"Wednesday",10,20
4,"Wednesday",11,15
4,"Wednesday",12,20
4,"Wednesday",13,16
4,"Wednesday",14,19
4,"Wednesday",15,21
4,"Wednesday",16,32
4,"Wednesday",17,54
4,"Wednesday",18,68
4,"Wednesday",19,51
4,"Wednesday",20,33
4,"Wednesday",21,20
4,"Wednesday",22,16
4,"Wednesday",23,12
4,"Thursday",0,4
4,"Thursday",1,2
4,"Thursday",2,2
4,"Thursday",3,1
4,"Thursday",4,2
4,"Thursday",5,6
4,"Thursday",6,20
4,"Thursday",7,54
4,"Thursday",8,96
4,"Thursday",9,46
4,"Thursday",10,23
4,"Thursday",11,14
4,"Thursday",12,15
4,"Thursday",13,15
4,"Thursday",14,16
4,"Thursday",15,21
4,"Thursday",16,27
4,"Thursday",17,55
4,"Thursday",18,66
4,"Thursday",19,49
4,"Thursday",20,29
4,"Thursday",21,21
4,"Thursday",22,21
4,"Thursday",23,8
4,"Friday",0,5
4,"Friday",1,2
4,"Friday",2,3
4,"Friday",3,1
4,"Friday",4,1
4,"Friday",5,6
4,"Friday",6,17
4,"Friday",7,47
4,"Friday",8,88
4,"Friday",9,39
4,"Friday",10,22
4,"Friday",11,14
4,"Friday",12,17
4,"Friday",13,23
4,"Friday",14,17
4,"Friday",15,23
4,"Friday",16,34
4,"Friday",17,60
4,"Friday",18,59
4,"Friday",19,37
4,"Friday",20,29
4,"Friday",21,23
4,"Friday",22,15
4,"Friday",23,11
4,"Saturday",0,9
4,"Saturday",1,7
4,"Saturday",2,1
4,"Saturday",3,2
4,"Saturday",4,1
4,"Saturday",5,2
4,"Saturday",6,4
4,"Saturday",7,8
4,"Saturday",8,12
4,"Saturday",9,19
4,"Saturday",10,25
4,"Saturday",11,27
4,"Saturday",12,31
4,"Saturday",13,39
4,"Saturday",14,40
4,"Saturday",15,40
4,"Saturday",16,37
4,"Saturday",17,39
4,"Saturday",18,30
4,"Saturday",19,29
4,"Saturday",20,19
4,"Saturday",21,13
4,"Saturday",22,9
4,"Saturday",23,8
4,"Sunday",0,8
4,"Sunday",1,5
4,"Sunday",2,3
4,"Sunday",3,2
4,"Sunday",4,2
4,"Sunday",5,3
4,"Sunday",6,3
4,"Sunday",7,6
4,"Sunday",8,7
4,"Sunday",9,11
4,"Sunday",10,20
4,"Sunday",11,27
4,"Sunday",12,32
4,"Sunday",13,41
4,"Sunday",14,44
4,"Sunday",15,45
4,"Sunday",16,43
4,"Sunday",17,41
4,"Sunday",18,37
4,"Sunday",19,30
4,"Sunday",20,15
4,"Sunday",21,12
4,"Sunday",22,11
4,"Sunday",23,6
5,"Monday",0,5
5,"Monday",1,1
5,"Monday",2,3
5,"Monday",3,1
5,"Monday",4,1
5,"Monday",5,6
5,"Monday",6,16
5,"Monday",7,47
5,"Monday",8,88
5,"Monday",9,34
5,"Monday",10,17
5,"Monday",11,25
5,"Monday",12,27
5,"Monday",13,29
5,"Monday",14,29
5,"Monday",15,26
5,"Monday",16,39
5,"Monday",17,68
5,"Monday",18,72
5,"Monday",19,62
5,"Monday",20,38
5,"Monday",21,29
5,"Monday",22,18
5,"Monday",23,7
5,"Tuesday",0,6
5,"Tuesday",1,2
5,"Tuesday",2,2
5,"Tuesday",3,2
5,"Tuesday",4,1
5,"Tuesday",5,6
5,"Tuesday",6,17
5,"Tuesday",7,49
5,"Tuesday",8,88
5,"Tuesday",9,37
5,"Tuesday",10,23
5,"Tuesday",11,14
5,"Tuesday",12,19
5,"Tuesday",13,20
5,"Tuesday",14,17
5,"Tuesday",15,19
5,"Tuesday",16,33
5,"Tuesday",17,70
5,"Tuesday",18,81
5,"Tuesday",19,63
5,"Tuesday",20,44
5,"Tuesday",21,31
5,"Tuesday",22,17
5,"Tuesday",23,8
5,"Wednesday",0,7
5,"Wednesday",1,4
5,"Wednesday",2,1
5,"Wednesday",4,1
5,"Wednesday",5,5
5,"Wednesday",6,22
5,"Wednesday",7,62
5,"Wednesday",8,114
5,"Wednesday",9,46
5,"Wednesday",10,24
5,"Wednesday",11,19
5,"Wednesday",12,22
5,"Wednesday",13,26
5,"Wednesday",14,19
5,"Wednesday",15,21
5,"Wednesday",16,36
5,"Wednesday",17,69
5,"Wednesday",18,78
5,"Wednesday",19,61
5,"Wednesday",20,36
5,"Wednesday",21,26
5,"Wednesday",22,24
5,"Wednesday",23,10
5,"Thursday",0,6
5,"Thursday",1,3
5,"Thursday",2,2
5,"Thursday",3,1
5,"Thursday",4,2
5,"Thursday",5,8
5,"Thursday",6,20
5,"Thursday",7,65
5,"Thursday",8,114
5,"Thursday",9,41
5,"Thursday",10,30
5,"Thursday",11,18
5,"Thursday",12,26
5,"Thursday",13,26
5,"Thursday",14,21
5,"Thursday",15,26
5,"Thursday",16,28
5,"Thursday",17,73
5,"Thursday",18,83
5,"Thursday",19,58
5,"Thursday",20,43
5,"Thursday",21,35
5,"Thursday",22,24
5,"Thursday",23,14
5,"Friday",0,9
5,"Friday",1,4
5,"Friday",2,2
5,"Friday",3,1
5,"Friday",4,2
5,"Friday",5,6
5,"Friday",6,18
5,"Friday",7,52
5,"Friday",8,86
5,"Friday",9,40
5,"Friday",10,19
5,"Friday",11,16
5,"Friday",12,19
5,"Friday",13,25
5,"Friday",14,24
5,"Friday",15,23
5,"Friday",16,33
5,"Friday",17,49
5,"Friday",18,53
5,"Friday",19,38
5,"Friday",20,27
5,"Friday",21,17
5,"Friday",22,21
5,"Friday",23,13
5,"Saturday",0,11
5,"Saturday",1,6
5,"Saturday",2,4
5,"Saturday",3,5
5,"Saturday",4,3
5,"Saturday",5,4
5,"Saturday",6,6
5,"Saturday",7,12
5,"Saturday",8,20
5,"Saturday",9,24
5,"Saturday",10,33
5,"Saturday",11,48
5,"Saturday",12,46
5,"Saturday",13,44
5,"Saturday",14,47
5,"Saturday",15,45
5,"Saturday",16,31
5,"Saturday",17,36
5,"Saturday",18,31
5,"Saturday",19,18
5,"Saturday",20,14
5,"Saturday",21,11
5,"Saturday",22,14
5,"Saturday",23,8
5,"Sunday",0,8
5,"Sunday",1,5
5,"Sunday",2,2
5,"Sunday",3,2
5,"Sunday",4,2
5,"Sunday",5,3
5,"Sunday",6,3
5,"Sunday",7,8
5,"Sunday",8,11
5,"Sunday",9,20
5,"Sunday",10,23
5,"Sunday",11,32
5,"Sunday",12,32
5,"Sunday",13,32
5,"Sunday",14,39
5,"Sunday",15,41
5,"Sunday",16,37
5,"Sunday",17,40
5,"Sunday",18,31
5,"Sunday",19,26
5,"Sunday",20,21
5,"Sunday",21,22
5,"Sunday",22,12
5,"Sunday",23,8
6,"Monday",0,7
6,"Monday",1,3
6,"Monday",2,3
6,"Monday",3,3
6,"Monday",4,2
6,"Monday",5,8
6,"Monday",6,28
6,"Monday",7,67
6,"Monday",8,102
6,"Monday",9,53
6,"Monday",10,24
6,"Monday",11,23
6,"Monday",12,27
6,"Monday",13,29
6,"Monday",14,20
6,"Monday",15,25
6,"Monday",16,38
6,"Monday",17,93
6,"Monday",18,105
6,"Monday",19,74
6,"Monday",20,49
6,"Monday",21,31
6,"Monday",22,19
6,"Monday",23,12
6,"Tuesday",0,6
6,"Tuesday",1,3
6,"Tuesday",2,2
6,"Tuesday",3,1
6,"Tuesday",4,2
6,"Tuesday",5,11
6,"Tuesday",6,28
6,"Tuesday",7,69
6,"Tuesday",8,117
6,"Tuesday",9,48
6,"Tuesday",10,29
6,"Tuesday",11,20
6,"Tuesday",12,25
6,"Tuesday",13,30
6,"Tuesday",14,23
6,"Tuesday",15,23
6,"Tuesday",16,38
6,"Tuesday",17,87
6,"Tuesday",18,106
6,"Tuesday",19,77
6,"Tuesday",20,54
6,"Tuesday",21,35
6,"Tuesday",22,21
6,"Tuesday",23,12
6,"Wednesday",0,6
6,"Wednesday",1,3
6,"Wednesday",2,2
6,"Wednesday",3,3
6,"Wednesday",4,1
6,"Wednesday",5,7
6,"Wednesday",6,30
6,"Wednesday",7,76
6,"Wednesday",8,115
6,"Wednesday",9,54
6,"Wednesday",10,21
6,"Wednesday",11,24
6,"Wednesday",12,26
6,"Wednesday",13,24
6,"Wednesday",14,20
6,"Wednesday",15,23
6,"Wednesday",16,38
6,"Wednesday",17,82
6,"Wednesday",18,102
6,"Wednesday",19,74
6,"Wednesday",20,62
6,"Wednesday",21,33
6,"Wednesday",22,25
6,"Wednesday",23,13
6,"Thursday",0,7
6,"Thursday",1,2
6,"Thursday",2,4
6,"Thursday",3,2
6,"Thursday",4,3
6,"Thursday",5,7
6,"Thursday",6,22
6,"Thursday",7,61
6,"Thursday",8,99
6,"Thursday",9,52
6,"Thursday",10,25
6,"Thursday",11,23
6,"Thursday",12,32
6,"Thursday",13,29
6,"Thursday",14,29
6,"Thursday",15,27
6,"Thursday",16,39
6,"Thursday",17,83
6,"Thursday",18,85
6,"Thursday",19,74
6,"Thursday",20,59
6,"Thursday",21,38
6,"Thursday",22,25
6,"Thursday",23,15
6,"Friday",0,8
6,"Friday",1,6
6,"Friday",2,3
6,"Friday",3,2
6,"Friday",4,2
6,"Friday",5,7
6,"Friday",6,23
6,"Friday",7,68
6,"Friday",8,91
6,"Friday",9,46
6,"Friday",10,27
6,"Friday",11,32
6,"Friday",12,34
6,"Friday",13,33
6,"Friday",14,34
6,"Friday",15,33
6,"Friday",16,45
6,"Friday",17,81
6,"Friday",18,71
6,"Friday",19,53
6,"Friday",20,51
6,"Friday",21,32
6,"Friday",22,32
6,"Friday",23,19
6,"Saturday",0,11
6,"Saturday",1,7
6,"Saturday",2,5
6,"Saturday",3,2
6,"Saturday",4,3
6,"Saturday",5,2
6,"Saturday",6,9
6,"Saturday",7,18
6,"Saturday",8,22
6,"Saturday",9,36
6,"Saturday",10,47
6,"Saturday",11,47
6,"Saturday",12,53
6,"Saturday",13,54
6,"Saturday",14,47
6,"Saturday",15,44
6,"Saturday",16,38
6,"Saturday",17,41
6,"Saturday",18,44
6,"Saturday",19,41
6,"Saturday",20,38
6,"Saturday",21,25
6,"Saturday",22,25
6,"Saturday",23,21
6,"Sunday",0,15
6,"Sunday",1,8
6,"Sunday",2,6
6,"Sunday",3,3
6,"Sunday",4,4
6,"Sunday",5,4
6,"Sunday",6,6
6,"Sunday",7,11
6,"Sunday",8,19
6,"Sunday",9,27
6,"Sunday",10,42
6,"Sunday",11,41
6,"Sunday",12,43
6,"Sunday",13,53
6,"Sunday",14,53
6,"Sunday",15,48
6,"Sunday",16,43
6,"Sunday",17,47
6,"Sunday",18,47
6,"Sunday",19,45
6,"Sunday",20,37
6,"Sunday",21,25
6,"Sunday",22,16
6,"Sunday",23,15
7,"Monday",0,10
7,"Monday",1,7
7,"Monday",2,7
7,"Monday",3,3
7,"Monday",4,2
7,"Monday",5,8
7,"Monday",6,22
7,"Monday",7,57
7,"Monday",8,85
7,"Monday",9,41
7,"Monday",10,33
7,"Monday",11,31
7,"Monday",12,35
7,"Monday",13,37
7,"Monday",14,36
7,"Monday",15,35
7,"Monday",16,35
7,"Monday",17,54
7,"Monday",18,73
7,"Monday",19,60
7,"Monday",20,37
7,"Monday",21,28
7,"Monday",22,17
7,"Monday",23,9
7,"Tuesday",0,6
7,"Tuesday",1,2
7,"Tuesday",2,4
7,"Tuesday",3,1
7,"Tuesday",4,3
7,"Tuesday",5,10
7,"Tuesday",6,28
7,"Tuesday",7,73
7,"Tuesday",8,115
7,"Tuesday",9,53
7,"Tuesday",10,27
7,"Tuesday",11,17
7,"Tuesday",12,26
7,"Tuesday",13,26
7,"Tuesday",14,22
7,"Tuesday",15,28
7,"Tuesday",16,41
7,"Tuesday",17,90
7,"Tuesday",18,108
7,"Tuesday",19,85
7,"Tuesday",20,67
7,"Tuesday",21,46
7,"Tuesday",22,25
7,"Tuesday",23,13
7,"Wednesday",0,10
7,"Wednesday",1,3
7,"Wednesday",2,4
7,"Wednesday",3,2
7,"Wednesday",4,1
7,"Wednesday",5,9
7,"Wednesday",6,33
7,"Wednesday",7,79
7,"Wednesday",8,123
7,"Wednesday",9,53
7,"Wednesday",10,30
7,"Wednesday",11,23
7,"Wednesday",12,27
7,"Wednesday",13,24
7,"Wednesday",14,29
7,"Wednesday",15,25
7,"Wednesday",16,36
7,"Wednesday",17,89
7,"Wednesday",18,101
7,"Wednesday",19,84
7,"Wednesday",20,72
7,"Wednesday",21,41
7,"Wednesday",22,26
7,"Wednesday",23,15
7,"Thursday",0,9
7,"Thursday",1,5
7,"Thursday",2,3
7,"Thursday",3,2
7,"Thursday",4,4
7,"Thursday",5,10
7,"Thursday",6,32
7,"Thursday",7,78
7,"Thursday",8,124
7,"Thursday",9,56
7,"Thursday",10,29
7,"Thursday",11,19
7,"Thursday",12,19
7,"Thursday",13,24
7,"Thursday",14,27
7,"Thursday",15,29
7,"Thursday",16,37
7,"Thursday",17,79
7,"Thursday",18,99
7,"Thursday",19,77
7,"Thursday",20,56
7,"Thursday",21,42
7,"Thursday",22,30
7,"Thursday",23,16
7,"Friday",0,6
7,"Friday",1,6
7,"Friday",2,5
7,"Friday",3,2
7,"Friday",4,1
7,"Friday",5,7
7,"Friday",6,25
7,"Friday",7,54
7,"Friday",8,93
7,"Friday",9,45
7,"Friday",10,31
7,"Friday",11,25
7,"Friday",12,31
7,"Friday",13,39
7,"Friday",14,28
7,"Friday",15,38
7,"Friday",16,47
7,"Friday",17,78
7,"Friday",18,57
7,"Friday",19,58
7,"Friday",20,47
7,"Friday",21,31
7,"Friday",22,28
7,"Friday",23,20
7,"Saturday",0,12
7,"Saturday",1,7
7,"Saturday",2,5
7,"Saturday",3,2
7,"Saturday",4,3
7,"Saturday",5,3
7,"Saturday",6,7
7,"Saturday",7,18
7,"Saturday",8,29
7,"Saturday",9,33
7,"Saturday",10,39
7,"Saturday",11,49
7,"Saturday",12,50
7,"Saturday",13,46
7,"Saturday",14,43
7,"Saturday",15,37
7,"Saturday",16,30
7,"Saturday",17,34
7,"Saturday",18,32
7,"Saturday",19,33
7,"Saturday",20,31
7,"Saturday",21,24
7,"Saturday",22,20
7,"Saturday",23,15
7,"Sunday",0,12
7,"Sunday",1,7
7,"Sunday",2,5
7,"Sunday",3,4
7,"Sunday",4,2
7,"Sunday",5,2
7,"Sunday",6,4
7,"Sunday",7,12
7,"Sunday",8,21
7,"Sunday",9,30
7,"Sunday",10,40
7,"Sunday",11,42
7,"Sunday",12,46
7,"Sunday",13,47
7,"Sunday",14,53
7,"Sunday",15,46
7,"Sunday",16,56
7,"Sunday",17,46
7,"Sunday",18,52
7,"Sunday",19,52
7,"Sunday",20,41
7,"Sunday",21,30
7,"Sunday",22,20
7,"Sunday",23,13
8,"Monday",0,8
8,"Monday",1,4
8,"Monday",2,3
8,"Monday",3,3
8,"Monday",4,3
8,"Monday",5,12
8,"Monday",6,39
8,"Monday",7,83
8,"Monday",8,140
8,"Monday",9,75
8,"Monday",10,36
8,"Monday",11,29
8,"Monday",12,34
8,"Monday",13,46
8,"Monday",14,36
8,"Monday",15,34
8,"Monday",16,50
8,"Monday",17,116
8,"Monday",18,139
8,"Monday",19,103
8,"Monday",20,60
8,"Monday",21,49
8,"Monday",22,28
8,"Monday",23,16
8,"Tuesday",0,9
8,"Tuesday",1,3
8,"Tuesday",2,2
8,"Tuesday",3,3
8,"Tuesday",4,3
8,"Tuesday",5,10
8,"Tuesday",6,41
8,"Tuesday",7,98
8,"Tuesday",8,157
8,"Tuesday",9,72
8,"Tuesday",10,30
8,"Tuesday",11,28
8,"Tuesday",12,38
8,"Tuesday",13,35
8,"Tuesday",14,34
8,"Tuesday",15,30
8,"Tuesday",16,48
8,"Tuesday",17,106
8,"Tuesday",18,144
8,"Tuesday",19,102
8,"Tuesday",20,73
8,"Tuesday",21,50
8,"Tuesday",22,33
8,"Tuesday",23,15
8,"Wednesday",0,11
8,"Wednesday",1,4
8,"Wednesday",2,2
8,"Wednesday",3,1
8,"Wednesday",4,3
8,"Wednesday",5,12
8,"Wednesday",6,42
8,"Wednesday",7,99
8,"Wednesday",8,166
8,"Wednesday",9,72
8,"Wednesday",10,36
8,"Wednesday",11,31
8,"Wednesday",12,34
8,"Wednesday",13,35
8,"Wednesday",14,29
8,"Wednesday",15,31
8,"Wednesday",16,54
8,"Wednesday",17,117
8,"Wednesday",18,150
8,"Wednesday",19,106
8,"Wednesday",20,71
8,"Wednesday",21,48
8,"Wednesday",22,33
8,"Wednesday",23,20
8,"Thursday",0,12
8,"Thursday",1,5
8,"Thursday",2,4
8,"Thursday",3,4
8,"Thursday",4,2
8,"Thursday",5,10
8,"Thursday",6,40
8,"Thursday",7,97
8,"Thursday",8,156
8,"Thursday",9,77
8,"Thursday",10,29
8,"Thursday",11,23
8,"Thursday",12,37
8,"Thursday",13,40
8,"Thursday",14,36
8,"Thursday",15,34
8,"Thursday",16,58
8,"Thursday",17,105
8,"Thursday",18,138
8,"Thursday",19,101
8,"Thursday",20,70
8,"Thursday",21,63
8,"Thursday",22,37
8,"Thursday",23,24
8,"Friday",0,12
8,"Friday",1,5
8,"Friday",2,3
8,"Friday",3,2
8,"Friday",4,4
8,"Friday",5,10
8,"Friday",6,40
8,"Friday",7,87
8,"Friday",8,147
8,"Friday",9,71
8,"Friday",10,39
8,"Friday",11,31
8,"Friday",12,36
8,"Friday",13,46
8,"Friday",14,43
8,"Friday",15,43
8,"Friday",16,74
8,"Friday",17,107
8,"Friday",18,119
8,"Friday",19,78
8,"Friday",20,63
8,"Friday",21,47
8,"Friday",22,36
8,"Friday",23,24
8,"Saturday",0,15
8,"Saturday",1,8
8,"Saturday",2,8
8,"Saturday",3,6
8,"Saturday",4,3
8,"Saturday",5,4
8,"Saturday",6,11
8,"Saturday",7,23
8,"Saturday",8,34
8,"Saturday",9,48
8,"Saturday",10,58
8,"Saturday",11,60
8,"Saturday",12,65
8,"Saturday",13,55
8,"Saturday",14,62
8,"Saturday",15,56
8,"Saturday",16,57
8,"Saturday",17,53
8,"Saturday",18,59
8,"Saturday",19,65
8,"Saturday",20,55
8,"Saturday",21,41
8,"Saturday",22,32
8,"Saturday",23,25
8,"Sunday",0,19
8,"Sunday",1,10
8,"Sunday",2,12
8,"Sunday",3,4
8,"Sunday",4,2
8,"Sunday",5,4
8,"Sunday",6,6
8,"Sunday",7,20
8,"Sunday",8,31
8,"Sunday",9,38
8,"Sunday",10,48
8,"Sunday",11,67
8,"Sunday",12,69
8,"Sunday",13,67
8,"Sunday",14,63
8,"Sunday",15,59
8,"Sunday",16,61
8,"Sunday",17,55
8,"Sunday",18,65
8,"Sunday",19,59
8,"Sunday",20,45
8,"Sunday",21,33
8,"Sunday",22,29
8,"Sunday",23,16
9,"Monday",0,12
9,"Monday",1,4
9,"Monday",2,6
9,"Monday",3,2
9,"Monday",4,4
9,"Monday",5,12
9,"Monday",6,32
9,"Monday",7,67
9,"Monday",8,105
9,"Monday",9,50
9,"Monday",10,35
9,"Monday",11,34
9,"Monday",12,39
9,"Monday",13,35
9,"Monday",14,42
9,"Monday",15,41
9,"Monday",16,58
9,"Monday",17,112
9,"Monday",18,121
9,"Monday",19,80
9,"Monday",20,60
9,"Monday",21,43
9,"Monday",22,25
9,"Monday",23,16
9,"Tuesday",0,9
9,"Tuesday",1,3
9,"Tuesday",2,4
9,"Tuesday",3,3
9,"Tuesday",4,3
9,"Tuesday",5,11
9,"Tuesday",6,45
9,"Tuesday",7,98
9,"Tuesday",8,181
9,"Tuesday",9,85
9,"Tuesday",10,38
9,"Tuesday",11,31
9,"Tuesday",12,38
9,"Tuesday",13,42
9,"Tuesday",14,43
9,"Tuesday",15,40
9,"Tuesday",16,57
9,"Tuesday",17,134
9,"Tuesday",18,152
9,"Tuesday",19,109
9,"Tuesday",20,70
9,"Tuesday",21,50
9,"Tuesday",22,28
9,"Tuesday",23,16
9,"Wednesday",0,7
9,"Wednesday",1,4
9,"Wednesday",2,2
9,"Wednesday",3,2
9,"Wednesday",4,3
9,"Wednesday",5,15
9,"Wednesday",6,47
9,"Wednesday",7,115
9,"Wednesday",8,201
9,"Wednesday",9,88
9,"Wednesday",10,42
9,"Wednesday",11,37
9,"Wednesday",12,34
9,"Wednesday",13,40
9,"Wednesday",14,31
9,"Wednesday",15,34
9,"Wednesday",16,50
9,"Wednesday",17,106
9,"Wednesday",18,132
9,"Wednesday",19,102
9,"Wednesday",20,71
9,"Wednesday",21,48
9,"Wednesday",22,31
9,"Wednesday",23,16
9,"Thursday",0,9
9,"Thursday",1,3
9,"Thursday",2,4
9,"Thursday",3,2
9,"Thursday",4,2
9,"Thursday",5,12
9,"Thursday",6,36
9,"Thursday",7,96
9,"Thursday",8,171
9,"Thursday",9,78
9,"Thursday",10,30
9,"Thursday",11,31
9,"Thursday",12,41
9,"Thursday",13,29
9,"Thursday",14,31
9,"Thursday",15,31
9,"Thursday",16,51
9,"Thursday",17,107
9,"Thursday",18,140
9,"Thursday",19,110
9,"Thursday",20,80
9,"Thursday",21,53
9,"Thursday",22,34
9,"Thursday",23,20
9,"Friday",0,12
9,"Friday",1,6
9,"Friday",2,3
9,"Friday",3,3
9,"Friday",4,4
9,"Friday",5,12
9,"Friday",6,40
9,"Friday",7,94
9,"Friday",8,152
9,"Friday",9,77
9,"Friday",10,34
9,"Friday",11,33
9,"Friday",12,40
9,"Friday",13,37
9,"Friday",14,42
9,"Friday",15,42
9,"Friday",16,62
9,"Friday",17,98
9,"Friday",18,98
9,"Friday",19,78
9,"Friday",20,47
9,"Friday",21,40
9,"Friday",22,34
9,"Friday",23,20
9,"Saturday",0,18
9,"Saturday",1,8
9,"Saturday",2,7
9,"Saturday",3,4
9,"Saturday",4,3
9,"Saturday",5,3
9,"Saturday",6,9
9,"Saturday",7,22
9,"Saturday",8,41
9,"Saturday",9,50
9,"Saturday",10,60
9,"Saturday",11,60
9,"Saturday",12,67
9,"Saturday",13,63
9,"Saturday",14,69
9,"Saturday",15,61
9,"Saturday",16,69
9,"Saturday",17,69
9,"Saturday",18,63
9,"Saturday",19,52
9,"Saturday",20,46
9,"Saturday",21,30
9,"Saturday",22,32
9,"Saturday",23,27
9,"Sunday",0,17
9,"Sunday",1,12
9,"Sunday",2,8
9,"Sunday",3,5
9,"Sunday",4,3
9,"Sunday",5,4
9,"Sunday",6,5
9,"Sunday",7,16
9,"Sunday",8,28
9,"Sunday",9,42
9,"Sunday",10,57
9,"Sunday",11,78
9,"Sunday",12,78
9,"Sunday",13,70
9,"Sunday",14,69
9,"Sunday",15,72
9,"Sunday",16,65
9,"Sunday",17,75
9,"Sunday",18,79
9,"Sunday",19,58
9,"Sunday",20,49
9,"Sunday",21,28
9,"Sunday",22,22
9,"Sunday",23,14
10,"Monday",0,7
10,"Monday",1,5
10,"Monday",2,2
10,"Monday",3,2
10,"Monday",4,2
10,"Monday",5,12
10,"Monday",6,35
10,"Monday",7,82
10,"Monday",8,147
10,"Monday",9,78
10,"Monday",10,35
10,"Monday",11,38
10,"Monday",12,38
10,"Monday",13,46
10,"Monday",14,45
10,"Monday",15,41
10,"Monday",16,53
10,"Monday",17,114
10,"Monday",18,115
10,"Monday",19,85
10,"Monday",20,54
10,"Monday",21,42
10,"Monday",22,24
10,"Monday",23,11
10,"Tuesday",0,8
10,"Tuesday",1,4
10,"Tuesday",2,3
10,"Tuesday",3,1
10,"Tuesday",4,1
10,"Tuesday",5,12
10,"Tuesday",6,42
10,"Tuesday",7,99
10,"Tuesday",8,178
10,"Tuesday",9,86
10,"Tuesday",10,33
10,"Tuesday",11,28
10,"Tuesday",12,41
10,"Tuesday",13,38
10,"Tuesday",14,37
10,"Tuesday",15,35
10,"Tuesday",16,49
10,"Tuesday",17,115
10,"Tuesday",18,121
10,"Tuesday",19,92
10,"Tuesday",20,62
10,"Tuesday",21,39
10,"Tuesday",22,24
10,"Tuesday",23,13
10,"Wednesday",0,6
10,"Wednesday",1,3
10,"Wednesday",2,3
10,"Wednesday",3,3
10,"Wednesday",4,3
10,"Wednesday",5,13
10,"Wednesday",6,36
10,"Wednesday",7,103
10,"Wednesday",8,194
10,"Wednesday",9,86
10,"Wednesday",10,35
10,"Wednesday",11,30
10,"Wednesday",12,38
10,"Wednesday",13,37
10,"Wednesday",14,37
10,"Wednesday",15,34
10,"Wednesday",16,54
10,"Wednesday",17,113
10,"Wednesday",18,133
10,"Wednesday",19,89
10,"Wednesday",20,68
10,"Wednesday",21,41
10,"Wednesday",22,23
10,"Wednesday",23,10
10,"Thursday",0,10
10,"Thursday",1,3
10,"Thursday",2,3
10,"Thursday",3,2
10,"Thursday",4,1
10,"Thursday",5,12
10,"Thursday",6,38
10,"Thursday",7,94
10,"Thursday",8,166
10,"Thursday",9,80
10,"Thursday",10,30
10,"Thursday",11,26
10,"Thursday",12,33
10,"Thursday",13,30
10,"Thursday",14,26
10,"Thursday",15,25
10,"Thursday",16,44
10,"Thursday",17,91
10,"Thursday",18,102
10,"Thursday",19,75
10,"Thursday",20,46
10,"Thursday",21,41
10,"Thursday",22,29
10,"Thursday",23,14
10,"Friday",0,11
10,"Friday",1,6
10,"Friday",2,3
10,"Friday",3,2
10,"Friday",4,2
10,"Friday",5,13
10,"Friday",6,39
10,"Friday",7,85
10,"Friday",8,148
10,"Friday",9,63
10,"Friday",10,27
10,"Friday",11,33
10,"Friday",12,28
10,"Friday",13,30
10,"Friday",14,29
10,"Friday",15,43
10,"Friday",16,57
10,"Friday",17,93
10,"Friday",18,99
10,"Friday",19,71
10,"Friday",20,49
10,"Friday",21,39
10,"Friday",22,19
10,"Friday",23,18
10,"Saturday",0,13
10,"Saturday",1,7
10,"Saturday",2,6
10,"Saturday",3,3
10,"Saturday",4,3
10,"Saturday",5,3
10,"Saturday",6,6
10,"Saturday",7,11
10,"Saturday",8,32
10,"Saturday",9,36
10,"Saturday",10,51
10,"Saturday",11,51
10,"Saturday",12,57
10,"Saturday",13,43
10,"Saturday",14,51
10,"Saturday",15,56
10,"Saturday",16,49
10,"Saturday",17,48
10,"Saturday",18,38
10,"Saturday",19,32
10,"Saturday",20,26
10,"Saturday",21,23
10,"Saturday",22,15
10,"Saturday",23,14
10,"Sunday",0,10
10,"Sunday",1,11
10,"Sunday",2,7
10,"Sunday",3,7
10,"Sunday",4,2
10,"Sunday",5,4
10,"Sunday",6,3
10,"Sunday",7,10
10,"Sunday",8,18
10,"Sunday",9,28
10,"Sunday",10,44
10,"Sunday",11,52
10,"Sunday",12,46
10,"Sunday",13,48
10,"Sunday",14,49
10,"Sunday",15,52
10,"Sunday",16,57
10,"Sunday",17,41
10,"Sunday",18,42
10,"Sunday",19,34
10,"Sunday",20,28
10,"Sunday",21,22
10,"Sunday",22,12
10,"Sunday",23,11
11,"Monday",0,4
11,"Monday",1,3
11,"Monday",2,1
11,"Monday",3,2
11,"Monday",4,1
11,"Monday",5,12
11,"Monday",6,34
11,"Monday",7,77
11,"Monday",8,129
11,"Monday",9,55
11,"Monday",10,21
11,"Monday",11,24
11,"Monday",12,25
11,"Monday",13,23
11,"Monday",14,26
11,"Monday",15,27
11,"Monday",16,33
11,"Monday",17,93
11,"Monday",18,91
11,"Monday",19,48
11,"Monday",20,36
11,"Monday",21,24
11,"Monday",22,15
11,"Monday",23,10
11,"Tuesday",0,5
11,"Tuesday",1,1
11,"Tuesday",3,1
11,"Tuesday",4,3
11,"Tuesday",5,9
11,"Tuesday",6,32
11,"Tuesday",7,64
11,"Tuesday",8,102
11,"Tuesday",9,43
11,"Tuesday",10,20
11,"Tuesday",11,16
11,"Tuesday",12,21
11,"Tuesday",13,22
11,"Tuesday",14,18
11,"Tuesday",15,26
11,"Tuesday",16,35
11,"Tuesday",17,73
11,"Tuesday",18,82
11,"Tuesday",19,51
11,"Tuesday",20,36
11,"Tuesday",21,23
11,"Tuesday",22,14
11,"Tuesday",23,9
11,"Wednesday",0,4
11,"Wednesday",1,4
11,"Wednesday",2,2
11,"Wednesday",3,2
11,"Wednesday",4,2
11,"Wednesday",5,11
11,"Wednesday",6,31
11,"Wednesday",7,81
11,"Wednesday",8,150
11,"Wednesday",9,58
11,"Wednesday",10,25
11,"Wednesday",11,22
11,"Wednesday",12,24
11,"Wednesday",13,23
11,"Wednesday",14,24
11,"Wednesday",15,26
11,"Wednesday",16,39
11,"Wednesday",17,75
11,"Wednesday",18,82
11,"Wednesday",19,51
11,"Wednesday",20,37
11,"Wednesday",21,26
11,"Wednesday",22,14
11,"Wednesday",23,7
11,"Thursday",0,6
11,"Thursday",1,3
11,"Thursday",2,3
11,"Thursday",3,2
11,"Thursday",4,1
11,"Thursday",5,9
11,"Thursday",6,27
11,"Thursday",7,62
11,"Thursday",8,126
11,"Thursday",9,52
11,"Thursday",10,28
11,"Thursday",11,18
11,"Thursday",12,35
11,"Thursday",13,24
11,"Thursday",14,22
11,"Thursday",15,31
11,"Thursday",16,36
11,"Thursday",17,76
11,"Thursday",18,78
11,"Thursday",19,56
11,"Thursday",20,44
11,"Thursday",21,27
11,"Thursday",22,16
11,"Thursday",23,11
11,"Friday",0,7
11,"Friday",1,4
11,"Friday",2,2
11,"Friday",3,3
11,"Friday",4,2
11,"Friday",5,9
11,"Friday",6,24
11,"Friday",7,68
11,"Friday",8,118
11,"Friday",9,55
11,"Friday",10,25
11,"Friday",11,30
11,"Friday",12,36
11,"Friday",13,36
11,"Friday",14,30
11,"Friday",15,27
11,"Friday",16,48
11,"Friday",17,69
11,"Friday",18,64
11,"Friday",19,56
11,"Friday",20,30
11,"Friday",21,24
11,"Friday",22,16
11,"Friday",23,13
11,"Saturday",0,10
11,"Saturday",1,9
11,"Saturday",2,3
11,"Saturday",3,3
11,"Saturday",4,2
11,"Saturday",5,2
11,"Saturday",6,7
11,"Saturday",7,12
11,"Saturday",8,36
11,"Saturday",9,35
11,"Saturday",10,42
11,"Saturday",11,55
11,"Saturday",12,47
11,"Saturday",13,44
11,"Saturday",14,58
11,"Saturday",15,51
11,"Saturday",16,44
11,"Saturday",17,44
11,"Saturday",18,36
11,"Saturday",19,28
11,"Saturday",20,20
11,"Saturday",21,19
11,"Saturday",22,16
11,"Saturday",23,12
11,"Sunday",0,9
11,"Sunday",1,6
11,"Sunday",2,2
11,"Sunday",3,2
11,"Sunday",4,2
11,"Sunday",5,2
11,"Sunday",6,5
11,"Sunday",7,13
11,"Sunday",8,20
11,"Sunday",9,30
11,"Sunday",10,36
11,"Sunday",11,44
11,"Sunday",12,48
11,"Sunday",13,42
11,"Sunday",14,48
11,"Sunday",15,39
11,"Sunday",16,42
11,"Sunday",17,35
11,"Sunday",18,27
11,"Sunday",19,26
11,"Sunday",20,20
11,"Sunday",21,16
11,"Sunday",22,12
11,"Sunday",23,5
12,"Monday",0,5
12,"Monday",1,1
12,"Monday",2,1
12,"Monday",3,1
12,"Monday",4,1
12,"Monday",5,5
12,"Monday",6,10
12,"Monday",7,25
12,"Monday",8,53
12,"Monday",9,32
12,"Monday",10,17
12,"Monday",11,15
12,"Monday",12,16
12,"Monday",13,17
12,"Monday",14,16
12,"Monday",15,18
12,"Monday",16,23
12,"Monday",17,49
12,"Monday",18,60
12,"Monday",19,43
12,"Monday",20,27
12,"Monday",21,18
12,"Monday",22,13
12,"Monday",23,7
12,"Tuesday",0,3
12,"Tuesday",1,3
12,"Tuesday",2,2
12,"Tuesday",3,1
12,"Tuesday",4,1
12,"Tuesday",5,9
12,"Tuesday",6,26
12,"Tuesday",7,59
12,"Tuesday",8,99
12,"Tuesday",9,42
12,"Tuesday",10,18
12,"Tuesday",11,17
12,"Tuesday",12,20
12,"Tuesday",13,27
12,"Tuesday",14,23
12,"Tuesday",15,20
12,"Tuesday",16,34
12,"Tuesday",17,64
12,"Tuesday",18,54
12,"Tuesday",19,38
12,"Tuesday",20,26
12,"Tuesday",21,16
12,"Tuesday",22,11
12,"Tuesday",23,8
12,"Wednesday",0,6
12,"Wednesday",1,2
12,"Wednesday",2,1
12,"Wednesday",4,2
12,"Wednesday",5,7
12,"Wednesday",6,20
12,"Wednesday",7,51
12,"Wednesday",8,90
12,"Wednesday",9,44
12,"Wednesday",10,19
12,"Wednesday",11,16
12,"Wednesday",12,19
12,"Wednesday",13,20
12,"Wednesday",14,17
12,"Wednesday",15,21
12,"Wednesday",16,26
12,"Wednesday",17,62
12,"Wednesday",18,70
12,"Wednesday",19,43
12,"Wednesday",20,33
12,"Wednesday",21,21
12,"Wednesday",22,16
12,"Wednesday",23,7
12,"Thursday",0,5
12,"Thursday",1,2
12,"Thursday",2,2
12,"Thursday",3,1
12,"Thursday",4,1
12,"Thursday",5,8
12,"Thursday",6,20
12,"Thursday",7,56
12,"Thursday",8,96
12,"Thursday",9,34
12,"Thursday",10,18
12,"Thursday",11,12
12,"Thursday",12,17
12,"Thursday",13,18
12,"Thursday",14,16
12,"Thursday",15,20
12,"Thursday",16,27
12,"Thursday",17,47
12,"Thursday",18,59
12,"Thursday",19,40
12,"Thursday",20,32
12,"Thursday",21,21
12,"Thursday",22,18
12,"Thursday",23,8
12,"Friday",0,5
12,"Friday",1,2
12,"Friday",2,2
12,"Friday",3,1
12,"Friday",4,2
12,"Friday",5,7
12,"Friday",6,18
12,"Friday",7,50
12,"Friday",8,88
12,"Friday",9,43
12,"Friday",10,19
12,"Friday",11,18
12,"Friday",12,25
12,"Friday",13,29
12,"Friday",14,23
12,"Friday",15,24
12,"Friday",16,31
12,"Friday",17,49
12,"Friday",18,47
12,"Friday",19,26
12,"Friday",20,22
12,"Friday",21,14
12,"Friday",22,12
12,"Friday",23,9
12,"Saturday",0,5
12,"Saturday",1,6
12,"Saturday",2,2
12,"Saturday",3,3
12,"Saturday",4,2
12,"Saturday",5,1
12,"Saturday",6,2
12,"Saturday",7,6
12,"Saturday",8,13
12,"Saturday",9,16
12,"Saturday",10,16
12,"Saturday",11,21
12,"Saturday",12,20
12,"Saturday",13,19
12,"Saturday",14,23
12,"Saturday",15,25
12,"Saturday",16,25
12,"Saturday",17,19
12,"Saturday",18,16
12,"Saturday",19,11
12,"Saturday",20,10
12,"Saturday",21,9
12,"Saturday",22,6
12,"Saturday",23,7
12,"Sunday",0,6
12,"Sunday",1,5
12,"Sunday",2,4
12,"Sunday",3,2
12,"Sunday",4,2
12,"Sunday",5,4
12,"Sunday",6,1
12,"Sunday",7,6
12,"Sunday",8,9
12,"Sunday",9,13
12,"Sunday",10,18
12,"Sunday",11,25
12,"Sunday",12,25
12,"Sunday",13,27
12,"Sunday",14,22
12,"Sunday",15,28
12,"Sunday",16,24
12,"Sunday",17,18
12,"Sunday",18,13
12,"Sunday",19,12
12,"Sunday",20,15
12,"Sunday",21,8
12,"Sunday",22,9
12,"Sunday",23,6
